{
  "calibration_curve": {
    "mean_predicted_prob": [
      0.017786481081086113,
      0.1347634017261771,
      0.2586040910995334,
      0.35370524877965986,
      0.45166901260834297,
      0.5396112623800289,
      0.6530736452161371,
      0.753787548978735,
      0.8461011066489794,
      0.9743949934059305
    ],
    "fraction_positives": [
      0.010101010101010102,
      0.11538461538461539,
      0.1,
      0.3333333333333333,
      0.42857142857142855,
      0.5,
      0.42857142857142855,
      0.5,
      0.8387096774193549,
      0.9607843137254902
    ]
  },
  "model": "logistic_regression",
  "n_rows": 2000,
  "n_features": 7,
  "positive_rate_overall": 0.4265,
  "roc_auc": 0.9697861968559324,
  "eval_at_0_5": {
    "threshold": 0.5,
    "precision": 0.8454935622317596,
    "recall": 0.9248826291079812,
    "f1": 0.8834080717488789,
    "confusion_matrix": [
      [
        251,
        36
      ],
      [
        16,
        197
      ]
    ]
  },
  "eval_at_threshold": {
    "threshold": 0.5,
    "precision": 0.8454935622317596,
    "recall": 0.9248826291079812,
    "f1": 0.8834080717488789,
    "confusion_matrix": [
      [
        251,
        36
      ],
      [
        16,
        197
      ]
    ]
  }
}